taxon,detalle,direccion,referencia,pmid,fuente_dato,fundamento,modelo_grupo,taxon_md,om
Bacteroides,3xTg-AD hembras vs WT; heces cada 2 semanas de 4 a 52 semanas; 16S rRNA región V4 (MiSeq); aumento de la abundancia relativa a lo largo del tiempo en 3xTg,Negativo,"Borsom et al., 2023",36877047,resumen,"Aumento concurrente con marcadores de astrocitosis colónica (GFAP) y microgliosis hipocampal; los autores lo asocian al genotipo, no prueban causalidad",3xTg-AD,*Bacteroides*,0
Comunidad completa (sin taxón único),"3xTg-AD hembras vs WT; heces cada 2 semanas de 4 a 52 semanas; 16S rRNA región V4 (MiSeq); composición distinta entre genotipos ya a las 8 semanas (PERMANOVA p = 0,001), antes de la patología",Negativo,"Borsom et al., 2023",36877047,resumen,"La composición prepatológica predijo el genotipo con 90-100 % de acierto (random forest); es un resultado de comunidad, no de un taxón",3xTg-AD,Comunidad completa (sin taxón único),0
Barnesiella,3xTg-AD vs WT; heces; 16S rRNA; edad NO VERIFICADO (no consta en el resumen); aumento en 3xTg,No concluyente,"D'Argenio et al., 2022",36140732,resumen,"Los autores lo agrupan con el perfil proinflamatorio, pero Barnesiella se reporta como comensal beneficioso en otros contextos; la dirección es ambigua",3xTg-AD,*Barnesiella*,0
Coprococcus,3xTg-AD vs WT; heces; 16S rRNA; edad NO VERIFICADO (no consta en el resumen); reducción significativa en 3xTg,Positivo,"D'Argenio et al., 2022",36140732,resumen,Género productor de butirato; su reducción en el modelo se asoció con un estado proinflamatorio según los autores,3xTg-AD,*Coprococcus*,0
Escherichia-Shigella,3xTg-AD vs WT; heces; 16S rRNA; edad NO VERIFICADO (no consta en el resumen); aumento en 3xTg,Negativo,"D'Argenio et al., 2022",36140732,resumen,"Enterobacteria, fuente de LPS; los autores lo describen como compatible con estado proinflamatorio",3xTg-AD,*Escherichia-Shigella*,0
Campylobacter,"3xTg-AD vs C57BL/6J, ambos con dieta alta en grasa y T2DM; heces; 16S rDNA; aumento en 3xTg-AD",Negativo,"Deng et al., 2026",41623643,resumen,Género con potencial patógeno; mismo contexto de dieta alta en grasa,3xTg-AD,*Campylobacter*,0
Deferribacterota,"3xTg-AD vs C57BL/6J, ambos con dieta alta en grasa y T2DM; heces; 16S rDNA; aumento en 3xTg-AD",Negativo,"Deng et al., 2026",41623643,resumen,"Filo asociado a inflamación intestinal; comparación dentro de contexto de dieta alta en grasa, no en condiciones basales",3xTg-AD,*Deferribacterota*,0
Oscillospira,"3xTg-AD vs C57BL/6J, ambos con dieta alta en grasa y T2DM; heces; 16S rDNA; disminución en 3xTg-AD",Positivo,"Deng et al., 2026",41623643,resumen,Productor de SCFA cuya caída acompaña al modelo,3xTg-AD,*Oscillospira*,0
Proteobacteria,"3xTg-AD vs C57BL/6J, ambos con dieta alta en grasa y T2DM; heces; 16S rDNA; disminución en 3xTg-AD",No concluyente,"Deng et al., 2026",41623643,resumen,Dirección opuesta a la esperada y a la de otros estudios (donde Proteobacteria/Enterobacteriaceae aumentan en EA),3xTg-AD,*Proteobacteria*,0
Rikenellaceae,"3xTg-AD vs C57BL/6J, ambos con dieta alta en grasa y T2DM; heces; 16S rDNA; disminución en 3xTg-AD",Positivo,"Deng et al., 2026",41623643,resumen,"Coincide con la dirección reportada en 5xFAD por Xiao et al., 2025 (Rikenellaceae_RC9_gut_group más bajo en el modelo)",3xTg-AD,*Rikenellaceae*,0
Romboutsia ilealis,"hAβ-KI vs 3xTg-AD vs WT; 18 meses; heces; metagenómica shotgun; separa los microbiomas de hAβ-KI y 3xTg-AD (random forest, 81 % de acierto)",No concluyente,"Dunham et al., 2024",38572865,resumen,"El contraste es entre dos modelos, no contra el control; el resumen no da dirección respecto del silvestre. Los autores reportan que la jaula explicó >40 % de la varianza",3xTg-AD,*Romboutsia ilealis*,0
Turicibacter,hAβ-KI vs 3xTg-AD vs WT; 18 meses; heces; metagenómica shotgun; separa hAβ-KI de 3xTg-AD,No concluyente,"Dunham et al., 2024",38572865,resumen,Igual que la fila anterior: sin dirección frente al control y con fuerte efecto de jaula,3xTg-AD,*Turicibacter*,0
Bacteroidota,"3xTg-AD vs WT; 2, 6 y 12 meses; heces; shotgun con MetaPhlAn 4 (bins a nivel de especie); la mayor parte de los cambios asociados a EA y a la edad cayeron en este filo",No concluyente,"Favero et al., 2024",39478626,resumen,"El resumen reporta el filo y una gran fracción de bins no caracterizados, sin dirección por taxón",3xTg-AD,*Bacteroidota*,0
Firmicutes (Bacillota),"3xTg-AD vs WT; 2, 6 y 12 meses; heces; shotgun con MetaPhlAn 4 (bins a nivel de especie); idem",No concluyente,"Favero et al., 2024",39478626,resumen,Mismo motivo: cambio a nivel de filo sin dirección explícita,3xTg-AD,*Firmicutes* (Bacillota),0
Bacteroidetes,"3xTg-AD hembras de 46-48 semanas; disbiosis inducida con ampicilina, vancomicina y neomicina 14 días; 16S rRNA por qPCR; reducción >90 % tras el antibiótico, con el mismo empeoramiento",Positivo,"Tettevi et al., 2025",41069328,resumen,Mismo diseño de ablación que la fila anterior,3xTg-AD,*Bacteroidetes*,0
Firmicutes,"3xTg-AD hembras de 46-48 semanas; disbiosis inducida con ampicilina, vancomicina y neomicina 14 días; 16S rRNA por qPCR; reducción >90 % tras el antibiótico, con más Aβ1-42, más tau y más TNF-α",Positivo,"Tettevi et al., 2025",41069328,resumen,"Experimento de ablación: al depletar el filo empeoró la patología, o sea su presencia se asoció con protección. No es un cambio espontáneo del modelo",3xTg-AD,*Firmicutes*,0
Akkermansia,"3xTg-AD; polisacáridos de Astragalus por vía oral 4 semanas; heces; 16S rRNA; aumento tras el tratamiento, junto con menos Aβ, menos tau fosforilada, ZO-1 y ocludina más altas y menos IL-1β/IL-6/TNF-α",No concluyente,"Wang et al., 2026",41797971,resumen,"En este estudio el aumento acompaña la mejoría, pero Chen et al., 2020 reporta Akkermansia AUMENTADA en el modelo APP/PS1 a los 2, 6 y 9 meses: la evidencia entre estudios se contradice",3xTg-AD,*Akkermansia*,0
Alistipes,3xTg-AD; polisacáridos de Astragalus por vía oral 4 semanas; heces; 16S rRNA; disminución tras el tratamiento,No concluyente,"Wang et al., 2026",41797971,resumen,"Contradice a Xiao et al., 2025 y a Chen et al., 2020, donde Alistipes está MÁS BAJO en el modelo y se restaura con el tratamiento",3xTg-AD,*Alistipes*,0
Alcaligenaceae,"3xTg-AD machos y hembras; Qifuyin en dosis baja, media y alta; heces; secuenciación a nivel de filo, familia, género y especie; disminución significativa de Alcaligenaceae con Qifuyin",Negativo,"Yu et al., 2026",41994275,texto completo (acceso abierto),Su caída acompaña la mejoría motora y el acercamiento del perfil al grupo control en el PCA,3xTg-AD,*Alcaligenaceae*,0
Muribaculaceae,"3xTg-AD machos y hembras; Qifuyin en dosis baja, media y alta; heces; secuenciación a nivel de filo, familia, género y especie; aumento significativo con Qifuyin, junto con más fuerza de agarre y mejor rotarod",Positivo,"Yu et al., 2026",41994275,texto completo (acceso abierto),"El aumento acompaña la mejoría motora; ATENCIÓN: Zhao et al., 2025 reporta Muribaculaceae MÁS ALTA en APP/PS1 que en el silvestre y bajando con ejercicio, o sea la dirección no es consistente entre estudios",3xTg-AD,*Muribaculaceae*,0
Rhodanobacteraceae,"3xTg-AD machos y hembras; Qifuyin en dosis baja, media y alta; heces; secuenciación a nivel de filo, familia, género y especie; disminución significativa de Rhodanobacteraceae con Qifuyin",Negativo,"Yu et al., 2026",41994275,texto completo (acceso abierto),Su caída acompaña la mejoría motora y el acercamiento del perfil al grupo control en el PCA,3xTg-AD,*Rhodanobacteraceae*,0
Spirochaetaceae,"3xTg-AD machos y hembras; Qifuyin en dosis baja, media y alta; heces; secuenciación a nivel de filo, familia, género y especie; disminución significativa de Spirochaetaceae con Qifuyin",Negativo,"Yu et al., 2026",41994275,texto completo (acceso abierto),Su caída acompaña la mejoría motora y el acercamiento del perfil al grupo control en el PCA,3xTg-AD,*Spirochaetaceae*,0
Akkermansia muciniphila,"3xTg-AD y 5xFAD, colonizados y libres de gérmenes; atlas multiorgánico de metabolómica (n = 2.271) con metagenómica (n = 666); depleción en el modelo 3xTg",No concluyente,"Zuffa et al., 2026",42308105,resumen,"La depleción se asoció a los desvíos metabólicos, pero la dirección de Akkermansia es inconsistente entre estudios (ver Chen et al., 2020)",3xTg-AD/5XFAD,*Akkermansia muciniphila*,1
Mucispirillum schaedleri,"3xTg-AD y 5xFAD, colonizados y libres de gérmenes; atlas multiorgánico de metabolómica (n = 2.271) con metagenómica (n = 666); enriquecimiento en el modelo 3xTg",Negativo,"Zuffa et al., 2026",42308105,resumen,Habitante de la capa de mucus asociado a inflamación; su enriquecimiento acompaña el desvío metabólico del modelo,3xTg-AD/5XFAD,*Mucispirillum schaedleri*,1
Actinobacteriota,"APP/PS1, 3xTg-AD y 5xFAD vs WT; heces longitudinales a 2, 4, 6 y 8 meses; 16S rRNA; alteraciones dinámicas de Actinobacteriota identificadas de forma consistente durante el envejecimiento",No concluyente,"Zou et al., 2026",42416912,resumen,"El resumen reporta que el cambio es dinámico y dependiente del modelo, sin dirección única por taxón",3xTg-AD/APP/PS1/5XFAD,*Actinobacteriota*,2
Proteobacteria,"APP/PS1, 3xTg-AD y 5xFAD vs WT; heces longitudinales a 2, 4, 6 y 8 meses; 16S rRNA; alteraciones dinámicas de Proteobacteria identificadas de forma consistente durante el envejecimiento",No concluyente,"Zou et al., 2026",42416912,resumen,"El resumen reporta que el cambio es dinámico y dependiente del modelo, sin dirección única por taxón",3xTg-AD/APP/PS1/5XFAD,*Proteobacteria*,2
Verrucomicrobiota,"APP/PS1, 3xTg-AD y 5xFAD vs WT; heces longitudinales a 2, 4, 6 y 8 meses; 16S rRNA; alteraciones dinámicas de Verrucomicrobiota identificadas de forma consistente durante el envejecimiento",No concluyente,"Zou et al., 2026",42416912,resumen,"El resumen reporta que el cambio es dinámico y dependiente del modelo, sin dirección única por taxón",3xTg-AD/APP/PS1/5XFAD,*Verrucomicrobiota*,2
Enterobacteriaceae,"5xFAD; transferencia única de contenido cecal de silvestres jóvenes o de 1 año, tras antibióticos; cultivo y qPCR; aumento de representantes cultivables con donante viejo, junto con más proteína ligadora de LPS en suero y más placa en corteza prefrontal y giro dentado",Negativo,"Valeri et al., 2021",34946148,resumen,El aumento acompaña el fenotipo envejecido y más carga de placa; no hubo aceleración de los déficits conductuales,5XFAD,*Enterobacteriaceae*,3
Firmicutes,"5xFAD; transferencia única de contenido cecal de silvestres jóvenes o de 1 año, tras antibióticos; cultivo y qPCR; disminución por qPCR con donante viejo",Positivo,"Valeri et al., 2021",34946148,resumen,Su caída forma parte del fenotipo envejecido transferido,5XFAD,*Firmicutes*,3
Lactobacillaceae,"5xFAD; transferencia única de contenido cecal de silvestres jóvenes o de 1 año, tras antibióticos; cultivo y qPCR; aumento de representantes cultivables con donante viejo",No concluyente,"Valeri et al., 2021",34946148,resumen,"Sube junto con el fenotipo desfavorable, al revés de lo que se reporta en los estudios de suplementación con Lactobacillus",5XFAD,*Lactobacillaceae*,3
Alistipes,5xFAD machos vs C57BL/6JxSJL; Qifuyin; heces; 16S rRNA y metabolómica no dirigida; Alistipes más bajo en 5xFAD que en el silvestre y recuperado tras Qifuyin,Positivo,"Xiao et al., 2025",41477168,texto completo (acceso abierto),Los autores proponen que la recuperación mejora fuerza y coordinación vía SCFA (eje músculo-intestino-cerebro); la vía del butirato salió entre las rutas diferenciales,5XFAD,*Alistipes*,3
Bacteroides,5xFAD machos vs C57BL/6JxSJL; Qifuyin; heces; 16S rRNA y metabolómica no dirigida; Bacteroides más bajo en 5xFAD que en el silvestre y recuperado tras Qifuyin,Positivo,"Xiao et al., 2025",41477168,texto completo (acceso abierto),Los autores proponen que la recuperación mejora fuerza y coordinación vía SCFA (eje músculo-intestino-cerebro); la vía del butirato salió entre las rutas diferenciales,5XFAD,*Bacteroides*,3
Odoribacter,5xFAD machos vs C57BL/6JxSJL; Qifuyin; heces; 16S rRNA y metabolómica no dirigida; Odoribacter más bajo en 5xFAD que en el silvestre y recuperado tras Qifuyin,Positivo,"Xiao et al., 2025",41477168,texto completo (acceso abierto),Los autores proponen que la recuperación mejora fuerza y coordinación vía SCFA (eje músculo-intestino-cerebro); la vía del butirato salió entre las rutas diferenciales,5XFAD,*Odoribacter*,3
Rikenellaceae_RC9_gut_group,5xFAD machos vs C57BL/6JxSJL; Qifuyin; heces; 16S rRNA y metabolómica no dirigida; Rikenellaceae_RC9_gut_group más bajo en 5xFAD que en el silvestre y recuperado tras Qifuyin,Positivo,"Xiao et al., 2025",41477168,texto completo (acceso abierto),Los autores proponen que la recuperación mejora fuerza y coordinación vía SCFA (eje músculo-intestino-cerebro); la vía del butirato salió entre las rutas diferenciales,5XFAD,*Rikenellaceae_RC9_gut_group*,3
Ruminococcaceae,5xFAD machos vs C57BL/6JxSJL; Qifuyin; heces; 16S rRNA y metabolómica no dirigida; Ruminococcaceae más bajo en 5xFAD que en el silvestre y recuperado tras Qifuyin,Positivo,"Xiao et al., 2025",41477168,texto completo (acceso abierto),Los autores proponen que la recuperación mejora fuerza y coordinación vía SCFA (eje músculo-intestino-cerebro); la vía del butirato salió entre las rutas diferenciales,5XFAD,*Ruminococcaceae*,3
Subdoligranulum,5xFAD machos vs C57BL/6JxSJL; Qifuyin; heces; 16S rRNA y metabolómica no dirigida; Subdoligranulum más bajo en 5xFAD que en el silvestre y recuperado tras Qifuyin,Positivo,"Xiao et al., 2025",41477168,texto completo (acceso abierto),Los autores proponen que la recuperación mejora fuerza y coordinación vía SCFA (eje músculo-intestino-cerebro); la vía del butirato salió entre las rutas diferenciales,5XFAD,*Subdoligranulum*,3
Lactobacillus reuteri + Bifidobacterium pseudolongum,Silvestres cohabitados 3 meses con 5XFAD desde el mes de vida; heces; 16S rRNA; administrados como probiótico a los silvestres cohabitados: bajaron Aβ42 cortical e hipocampal y remodelaron el perfil microbiano,Positivo,"Yang et al., 2026",41759988,resumen,Diseño de transmisión por cohabitación: los silvestres adquirieron disbiosis tipo EA y desarrollaron patología amiloide. El resumen no nombra los taxones transferidos: NO VERIFICADO,5XFAD,*Lactobacillus reuteri* + *Bifidobacterium pseudolongum*,3
Akkermansia,"APP/PS1 vs camadas silvestres; 1-3, 6 y 9 meses; heces; 16S rRNA; abundancia significativamente MAYOR en APP/PS1 a los 2, 6 y 9 meses",No concluyente,"Chen et al., 2020b",32596386,texto completo (acceso abierto),"Los propios autores discuten que Akkermansia aumenta en algunas demencias y baja en otras patologías; contradice a Wang et al., 2026 y Zuffa et al., 2026. Nota: 'Chen et al., 2020' ya aparece en la tabla original con otro estudio en 5XFAD, por eso se cita como 2020b",APP/PS1,*Akkermansia*,4
Alistipes,"APP/PS1 vs camadas silvestres; 1-3, 6 y 9 meses; heces; 16S rRNA; MENOS abundante en APP/PS1 a los 9 meses",Positivo,"Chen et al., 2020b",32596386,texto completo (acceso abierto),"Coincide con Xiao et al., 2025; contradice el sentido del tratamiento en Wang et al., 2026",APP/PS1,*Alistipes*,4
Bacteroides,"APP/PS1 vs camadas silvestres; 1-3, 6 y 9 meses; heces; 16S rRNA; MENOS abundante en APP/PS1 a los 6 meses",Positivo,"Chen et al., 2020b",32596386,texto completo (acceso abierto),"Coincide con Xiao et al., 2025 (más bajo en 5xFAD) y con el grupo beneficioso de Zhou et al., 2025",APP/PS1,*Bacteroides*,4
Blautia,"APP/PS1 vs camadas silvestres; 1-3, 6 y 9 meses; heces; 16S rRNA; más abundante en APP/PS1 a los 6 meses, cuando ya hay depósito de Aβ",No concluyente,"Chen et al., 2020b",32596386,texto completo (acceso abierto),Productor de SCFA que sin embargo sube en el modelo: la dirección no calza con el rol protector que se le atribuye,APP/PS1,*Blautia*,4
Desulfovibrio,"APP/PS1 vs camadas silvestres; 1-3, 6 y 9 meses; heces; 16S rRNA; más abundante en APP/PS1 a los 9 meses",Negativo,"Chen et al., 2020b",32596386,texto completo (acceso abierto),"Productor de sulfuro de hidrógeno, asociado a inflamación y a daño de barrera",APP/PS1,*Desulfovibrio*,4
Escherichia-Shigella,"APP/PS1 vs camadas silvestres; 1-3, 6 y 9 meses; heces; 16S rRNA; más abundante en APP/PS1 a los 6 meses",Negativo,"Chen et al., 2020b",32596386,texto completo (acceso abierto),Los autores lo vinculan con citoquinas proinflamatorias y con hallazgos en pacientes con amiloidosis cerebral,APP/PS1,*Escherichia-Shigella*,4
Rikenellaceae_RC9_gut_group,"APP/PS1 vs camadas silvestres; 1-3, 6 y 9 meses; heces; 16S rRNA; MENOS abundante en APP/PS1 a los 6 meses",Positivo,"Chen et al., 2020b",32596386,texto completo (acceso abierto),"Misma dirección que en 5xFAD (Xiao et al., 2025)",APP/PS1,*Rikenellaceae_RC9_gut_group*,4
Verrucomicrobiaceae,"APP/PS1 vs camadas silvestres; 1-3, 6 y 9 meses; heces; 16S rRNA; aumento significativo a los 9 meses",No concluyente,"Chen et al., 2020b",32596386,texto completo (acceso abierto),Es la familia de Akkermansia y arrastra la misma ambigüedad; además los autores observan que el filo se expande con la edad en ambos genotipos,APP/PS1,*Verrucomicrobiaceae*,4
Blautia,APP/PS1 vs silvestre; vesículas de membrana bacteriana en SANGRE (no heces); 16S rRNA; ocupancia aumentada en APP/PS1,No concluyente,"Park et al., 2017",29302204,resumen,"Mismo sentido que Chen et al., 2020b, pero sigue chocando con su rol de productor de SCFA",APP/PS1,*Blautia*,4
Firmicutes,APP/PS1 vs silvestre; vesículas de membrana bacteriana en SANGRE (no heces); 16S rRNA; ocupancia aumentada en APP/PS1,No concluyente,"Park et al., 2017",29302204,resumen,"Dirección opuesta a la de los estudios en heces (Valeri et al., 2021; Tettevi et al., 2025); el tipo de muestra puede explicar la discrepancia",APP/PS1,*Firmicutes*,4
Lactobacillus,APP/PS1 vs silvestre; vesículas de membrana bacteriana en SANGRE (no heces); 16S rRNA; ocupancia reducida en APP/PS1,Positivo,"Park et al., 2017",29302204,resumen,"Coincide con Tian et al., 2026 (Lactobacillus bajo en el modelo y recuperado con FMT). OJO: la muestra es sangre, no materia fecal, así que no es directamente comparable",APP/PS1,*Lactobacillus*,4
Muribaculaceae (S24-7),APP/PS1 vs silvestre; vesículas de membrana bacteriana en SANGRE (no heces); 16S rRNA; ocupancia reducida en APP/PS1,Positivo,"Park et al., 2017",29302204,resumen,"La tabla original ya incluye Bacteroidales S24-7 en SAMP8 (Zhan et al., 2018); esta fila es otro modelo y otro tipo de muestra",APP/PS1,*Muribaculaceae* (S24-7),4
Desulfovibrionaceae,"APP/PS1 vs C57BL/6; 3, 6 y 8 meses; heces; pirosecuenciación de las regiones V3-V4 del 16S; aumento significativo en APP/PS1",Negativo,"Shen et al., 2017",27911317,resumen,"Reductores de sulfato asociados a inflamación; coincide con Desulfovibrio en Chen et al., 2020b",APP/PS1,*Desulfovibrionaceae*,4
Helicobacter,"APP/PS1 vs C57BL/6; 3, 6 y 8 meses; heces; pirosecuenciación de las regiones V3-V4 del 16S; aumento significativo en APP/PS1",Negativo,"Shen et al., 2017",27911317,resumen,"Mismo sentido que la familia; la tabla original ya tiene Helicobacter bilis en 5XFAD (Chen et al., 2020), aquí es a nivel de género en otro modelo",APP/PS1,*Helicobacter*,4
Helicobacteraceae,"APP/PS1 vs C57BL/6; 3, 6 y 8 meses; heces; pirosecuenciación de las regiones V3-V4 del 16S; aumento significativo en APP/PS1",Negativo,"Shen et al., 2017",27911317,resumen,Familia con potencial patógeno; el aumento acompaña el deterioro de aprendizaje espacial y la carga de placa,APP/PS1,*Helicobacteraceae*,4
Odoribacter,"APP/PS1 vs C57BL/6; 3, 6 y 8 meses; heces; pirosecuenciación de las regiones V3-V4 del 16S; aumento significativo en APP/PS1",Negativo,"Shen et al., 2017",27911317,resumen,"ATENCIÓN: dirección opuesta a Xiao et al., 2025, donde Odoribacter está más bajo en 5xFAD y se recupera con el tratamiento",APP/PS1,*Odoribacter*,4
Prevotella,"APP/PS1 vs C57BL/6; 3, 6 y 8 meses; heces; pirosecuenciación de las regiones V3-V4 del 16S; significativamente MÁS ALTA en los silvestres que en APP/PS1",Positivo,"Shen et al., 2017",27911317,resumen,Su mayor abundancia en el control es el patrón inverso del modelo; los autores también reportan caída de diversidad con la edad en APP/PS1,APP/PS1,*Prevotella*,4
Bacteroidetes,"APP/PS1 en etapa temprana vs silvestre, más FMT de donantes sanos; heces; 16S rRNA; reducido en el modelo; revertido por FMT",Positivo,"Tian et al., 2026",42130461,resumen,"ATENCIÓN: Zhao et al., 2025 reporta Bacteroidetes AUMENTADO en APP/PS1; la dirección del filo no es consistente entre estudios",APP/PS1,*Bacteroidetes*,4
Lactobacillus,"APP/PS1 en etapa temprana vs silvestre, más FMT de donantes sanos; heces; 16S rRNA; reducido en el modelo, junto con menos butirato circulante y más LPS; el FMT revirtió el cuadro",Positivo,"Tian et al., 2026",42130461,resumen,La reversión con FMT y la caída de butirato apoyan un rol protector; el mecanismo propuesto pasa por TREM2/SYK/NF-κB en microglía,APP/PS1,*Lactobacillus*,4
Alloprevotella,"APP/PS1 y silvestres, con y sin ejercicio en cinta; heces; 16S rRNA; mayor en EA y descenso con el ejercicio",Negativo,"Zhao et al., 2025",40871270,resumen,Su descenso acompaña la mejoría inducida por ejercicio,APP/PS1,*Alloprevotella*,4
Bacteroidetes,"APP/PS1 y silvestres, con y sin ejercicio en cinta; heces; 16S rRNA; aumento en los ratones EA; el ejercicio lo bajó en ambos genotipos",No concluyente,"Zhao et al., 2025",40871270,resumen,"Dirección contraria a Tian et al., 2026 para el mismo filo y el mismo modelo",APP/PS1,*Bacteroidetes*,4
Campilobacterota,"APP/PS1 y silvestres, con y sin ejercicio en cinta; heces; 16S rRNA; dominante en EA según LEfSe",Negativo,"Zhao et al., 2025",40871270,resumen,"Consistente con el aumento de Campylobacter en 3xTg-AD (Deng et al., 2025)",APP/PS1,*Campilobacterota*,4
Escherichia-Shigella,"APP/PS1 y silvestres, con y sin ejercicio en cinta; heces; 16S rRNA; dominante en EA según LEfSe",Negativo,"Zhao et al., 2025",40871270,resumen,"Tercer estudio independiente con la misma dirección (con D'Argenio et al., 2022 y Chen et al., 2020b)",APP/PS1,*Escherichia-Shigella*,4
Helicobacteraceae,"APP/PS1 y silvestres, con y sin ejercicio en cinta; heces; 16S rRNA; cepa dominante en EA según LEfSe",Negativo,"Zhao et al., 2025",40871270,resumen,"Coincide con Shen et al., 2017 en el mismo modelo",APP/PS1,*Helicobacteraceae*,4
Muribaculaceae,"APP/PS1 y silvestres, con y sin ejercicio en cinta; heces; 16S rRNA; mayor abundancia en EA que en silvestres, y disminución tras el ejercicio",No concluyente,"Zhao et al., 2025",40871270,resumen,"Contradice a Yu et al., 2026, donde Muribaculaceae sube con el tratamiento que mejora la función motora",APP/PS1,*Muribaculaceae*,4
Bacteroides,"APP/PS1; trasplante de microbiota fecal (FMT) de silvestres sanos o de donantes con colitis por DSS; heces; 16S rRNA; enriquecido en los receptores de FMT de donante sano, que mejoraron memoria espacial y bajaron placa de Aβ e IL-6/IL-1β/TNF-α",Positivo,"Zhou et al., 2025",40486731,resumen,Los autores lo agrupan entre los taxones beneficiosos ligados a producción de SCFA,APP/PS1,*Bacteroides*,4
Enterobacteriaceae,APP/PS1; trasplante de microbiota fecal (FMT) de silvestres sanos o de donantes con colitis por DSS; heces; 16S rRNA; floración en los receptores de donante con colitis,Negativo,"Zhou et al., 2025",40486731,resumen,Fuente de LPS; acompaña el empeoramiento de la patología,APP/PS1,*Enterobacteriaceae*,4
Erysipelatoclostridium,"APP/PS1; trasplante de microbiota fecal (FMT) de silvestres sanos o de donantes con colitis por DSS; heces; 16S rRNA; floración en los receptores de donante con colitis, que empeoraron cognición y Aβ",Negativo,"Zhou et al., 2025",40486731,resumen,Los autores lo describen como género patogénico asociado a metabolitos neurotóxicos,APP/PS1,*Erysipelatoclostridium*,4
Lachnospiraceae,"APP/PS1; trasplante de microbiota fecal (FMT) de silvestres sanos o de donantes con colitis por DSS; heces; 16S rRNA; enriquecida en los receptores de donante sano, con el mismo cuadro de mejoría",Positivo,"Zhou et al., 2025",40486731,resumen,Familia productora de butirato; mismo grupo experimental que la fila anterior,APP/PS1,*Lachnospiraceae*,4
Lactobacillaceae,"APPNL-G-F; microcápsulas de polisacáridos de okra con o sin Lactiplantibacillus plantarum; heces; 16S; aumento marcado con las microcápsulas, junto con más SCFA",Positivo,"Hsiao et al., 2024",38562470,resumen,"Modelo knock-in APPNL-G-F, poco representado en la tabla original. OJO: es una comparación entre intervenciones dentro del modelo, sin contraste EA vs silvestre",APPNL-G-F,*Lactobacillaceae*,5
Lactobacillus,APPNL-G-F; microcápsulas de polisacáridos de okra con o sin Lactiplantibacillus plantarum; heces; 16S; aumento marcado con las microcápsulas,Positivo,"Hsiao et al., 2024",38562470,resumen,Mismo diseño que la fila anterior,APPNL-G-F,*Lactobacillus*,5
Lactobacillus,"Tg2576; ginseng rojo coreano 30 o 100 mg/kg/día, 2 semanas; heces; 16S (HiSeq 4000); aumento de 411 % (30 mg/kg) y 1.040 % (100 mg/kg), con mejor cognición, menor razón Aβ42/40 y claudina-5 al alza",Positivo,"Lee et al., 2022",35600775,resumen,"Une el aumento del género con integridad de barrera hematoencefálica y menos acumulación de Aβ; modelo Tg2576, ausente de la tabla original",Tg2576,*Lactobacillus*,6
Lacticaseibacillus casei (cepa Shirota),"SAMP8 de 16 a 28 semanas; Lacticaseibacillus casei Shirota 1e8 o 1e9 UFC/día por 12 semanas; heces; 16S rRNA; administrada como probiótico: frenó la caída de masa (>94,6 %) y de fuerza (>96,3 % en agarre) y mejoró función mitocondrial, con cambios en acético, isobutírico, butírico y hexanoico",Positivo,"Chen et al., 2022",34766473,resumen,Eje intestino-músculo con medición directa de SCFA. El resumen no nombra los taxones endógenos que cambiaron: eso quedó NO VERIFICADO,SAMP8,*Lacticaseibacillus casei* (cepa Shirota),7
Peptococcus,SAMP8 en envejecimiento; heces longitudinales; 16S rRNA con análisis por aprendizaje de máquina; discrimina microbiomas jóvenes de envejecidos con alta exactitud,No concluyente,"Ke et al., 2025",40985686,resumen,"Se propone como biomarcador de envejecimiento, no de patología de EA; el resumen no da dirección frente a un control de genotipo",SAMP8,*Peptococcus*,7
Akkermansia muciniphila,"SAMP8 de 7 meses; Akkermansia muciniphila oral por 3 meses; heces; 16S rRNA; administrada como suplemento: más fuerza de agarre, más masa muscular, mejor biogénesis mitocondrial y barrera intestinal preservada",Positivo,"Park et al., 2025",40877018,resumen,"Evidencia de intervención en el eje intestino-músculo, el más pertinente para fragilidad; no es un cambio espontáneo del modelo",SAMP8,*Akkermansia muciniphila*,7
Bifidobacterium pseudocatenulatum (NCU-08),"SAMP8; Bifidobacterium pseudocatenulatum NCU-08 aislada de heces de centenarios; heces; metagenómica y culturómica; administrada como probiótico: mejoró conducta, bajó β-galactosidasa asociada a senescencia y atenuó daño neuronal en hipocampo, con L-triptófano casi triplicado",Positivo,"Xu et al., 2025",40643197,resumen,Relevante para la hipótesis por la vía del triptófano; el mecanismo propuesto es L-Trp -> NAD+ -> Sirt1/P53/P21/Rb,SAMP8,*Bifidobacterium pseudocatenulatum* (NCU-08),7
