	observed_features
SRR37250088	413
SRR37250089	292
SRR37250090	205
SRR37250091	368
SRR37250092	324
SRR37250093	404
SRR37250094	395
SRR37250095	315
SRR37250096	254
SRR37250097	412
SRR37250098	239
SRR37250099	409
SRR37250100	363
SRR37250101	203
SRR37250102	451
SRR37250103	374
SRR37250104	341
SRR37250105	217
SRR37250106	234
SRR37250107	441
SRR37250108	268
SRR37250109	308
SRR37250110	401
SRR37250111	292
SRR37250112	274
SRR37250113	255
SRR37250114	418
SRR37250115	467
SRR37250116	306
SRR37250117	268
SRR37250118	342
SRR37250119	369
SRR37250120	349
SRR37250121	295
SRR37250122	426
SRR37250123	339
SRR37250124	249
SRR37250125	361
SRR37250126	266
SRR37250127	465
SRR37250128	309
SRR37250129	255
