	shannon_entropy
SRR37250088	6.0038077049801055
SRR37250089	5.582822161232883
SRR37250090	5.050757940076883
SRR37250091	6.393790912674411
SRR37250092	6.202129186460038
SRR37250093	6.594682237884813
SRR37250094	6.804089386274996
SRR37250095	5.934235831268621
SRR37250096	5.665041302331965
SRR37250097	6.3621718453998755
SRR37250098	5.3477119082070965
SRR37250099	6.300091227941494
SRR37250100	6.2425442526402115
SRR37250101	5.542447433294292
SRR37250102	6.858012857918606
SRR37250103	6.3381514081363255
SRR37250104	5.6391293855948454
SRR37250105	5.988777093827045
SRR37250106	5.562345873293091
SRR37250107	6.698623424884942
SRR37250108	5.91581588789833
SRR37250109	4.646468359240187
SRR37250110	6.632761808790142
SRR37250111	5.540551514285297
SRR37250112	5.618950565541696
SRR37250113	4.955713029901839
SRR37250114	6.279223577272797
SRR37250115	6.754322791786046
SRR37250116	5.108013318050963
SRR37250117	5.37826988822876
SRR37250118	5.833155228825077
SRR37250119	6.1929654839909265
SRR37250120	6.081640142023541
SRR37250121	5.246573785229731
SRR37250122	6.7625653507727455
SRR37250123	6.5279862660571455
SRR37250124	5.160965510696043
SRR37250125	6.070746432508854
SRR37250126	4.970417232035481
SRR37250127	6.746447654317676
SRR37250128	6.269162128131374
SRR37250129	5.108999336383357
