	pielou_evenness
SRR37250088	0.6908871238780541
SRR37250089	0.6816778700319742
SRR37250090	0.6576952963784812
SRR37250091	0.7501313354249575
SRR37250092	0.7436739490895901
SRR37250093	0.7616679554457889
SRR37250094	0.7888151003086372
SRR37250095	0.7150364008374108
SRR37250096	0.7091331707849555
SRR37250097	0.7324205904886929
SRR37250098	0.6768512921652238
SRR37250099	0.726155190029258
SRR37250100	0.7340865682075353
SRR37250101	0.7230534308181448
SRR37250102	0.7778184865661019
SRR37250103	0.7415736134197742
SRR37250104	0.6702375518819599
SRR37250105	0.771595382736512
SRR37250106	0.7067456301551825
SRR37250107	0.762538630535395
SRR37250108	0.7334181098439592
SRR37250109	0.5620646349542259
SRR37250110	0.767018640818061
SRR37250111	0.6765165083149209
SRR37250112	0.6938661773599057
SRR37250113	0.6199016679764209
SRR37250114	0.7211398406823482
SRR37250115	0.7617131467333573
SRR37250116	0.618599176320788
SRR37250117	0.6667754051853633
SRR37250118	0.6929505142208047
SRR37250119	0.7262365503406981
SRR37250120	0.7199692460888034
SRR37250121	0.6394695948132755
SRR37250122	0.7742175349611561
SRR37250123	0.7766658413410278
SRR37250124	0.6483623439718408
SRR37250125	0.7145539105006525
SRR37250126	0.6170382319718412
SRR37250127	0.7613566739485473
SRR37250128	0.7579266336537931
SRR37250129	0.6390759899140492
