familia,contraste,lfc,se,W,p,q,diff,diff_robust,passed_ss,phylum,taxon
Streptococcaceae,Mod vs Con,3.9816328852,0.6341574956,6.2786183443,2.953e-07,1.59487e-05,True,True,True,Bacillota,d__Bacteria;p__Bacillota;c__Bacilli;o__Lactobacillales;f__Streptococcaceae
Peptostreptococcaceae,Mod vs Con,2.7944287041,0.5077497699,5.5035548404,0.0003784416,0.010217922,True,False,False,Bacillota,d__Bacteria;p__Bacillota;c__Clostridia;o__Peptostreptococcales-Tissierellales;f__Peptostreptococcaceae
Peptococcaceae,Mod vs Con,-1.9101449127,0.5099813736,-3.7455189771,0.0006885629,0.0123941323,True,False,False,Bacillota,d__Bacteria;p__Bacillota;c__Clostridia;o__Peptococcales;f__Peptococcaceae
Muribaculaceae,Mod vs Con,-1.6010736699,0.4686275182,-3.4165165462,0.0015243965,0.0164634817,True,False,False,Bacteroidota,d__Bacteria;p__Bacteroidota;c__Bacteroidia;o__Bacteroidales;f__Muribaculaceae
Brachyspiraceae,Mod vs Con,-2.2412624891,0.5651573923,-3.9657315285,0.0014075884,0.0164634817,True,True,True,Spirochaetota,d__Bacteria;p__Spirochaetota;c__Brachyspirae;o__Brachyspirales;f__Brachyspiraceae
Sutterellaceae,Mod vs Con,-1.6094721492,0.5205346609,-3.0919596139,0.0037147635,0.0328218987,True,False,False,Pseudomonadota,d__Bacteria;p__Pseudomonadota;c__Gammaproteobacteria;o__Burkholderiales;f__Sutterellaceae
Atopobiaceae,Mod vs Con,-1.8053211852,0.5936225377,-3.0411938066,0.0042546906,0.0328218987,True,False,False,Actinomycetota,d__Bacteria;p__Actinomycetota;c__Coriobacteriia;o__Coriobacteriales;f__Atopobiaceae
Staphylococcaceae,Mod vs Con,-1.8434790928,0.5478826499,-3.3647334759,0.0050748958,0.0342555464,True,False,False,Bacillota,d__Bacteria;p__Bacillota;c__Bacilli;o__Staphylococcales;f__Staphylococcaceae
Acholeplasmataceae,Mod vs Con,-2.2520599509,0.5098745236,-4.4168905222,0.0069119899,0.0414719393,True,False,False,Bacillota,d__Bacteria;p__Bacillota;c__Bacilli;o__Acholeplasmatales;f__Acholeplasmataceae
Incertae_Sedis,Mod vs Con,-1.1895711084,0.4908063519,-2.4237076472,0.0275847395,0.1354159937,False,False,True,Pseudomonadota,d__Bacteria;p__Pseudomonadota;c__Alphaproteobacteria;o__Rhodospirillales;f__Incertae_Sedis
UCG-010,Mod vs Con,1.2545178718,0.4796407401,2.6155365193,0.025794549,0.1354159937,False,False,True,Bacillota,d__Bacteria;p__Bacillota;c__Clostridia;o__Oscillospirales;f__UCG-010
Butyricicoccaceae,Mod vs Con,-1.4002066078,0.6238748915,-2.2443708298,0.0318536255,0.1433413146,False,False,True,Bacillota,d__Bacteria;p__Bacillota;c__Clostridia;o__Oscillospirales;f__Butyricicoccaceae
Erysipelatoclostridiaceae,Mod vs Con,1.4493915214,0.6982808261,2.0756570525,0.0447436255,0.1794881292,False,False,True,Bacillota,d__Bacteria;p__Bacillota;c__Bacilli;o__Erysipelotrichales;f__Erysipelatoclostridiaceae
Paracaedibacteraceae,Mod vs Con,-1.1287659505,0.4799124831,-2.3520245676,0.0465339594,0.1794881292,False,False,True,Pseudomonadota,d__Bacteria;p__Pseudomonadota;c__Alphaproteobacteria;o__Paracaedibacterales;f__Paracaedibacteraceae
Morganellaceae,Mod vs Con,0.9615962393,0.457864685,2.1001755994,0.0650997286,0.234359023,False,False,True,Pseudomonadota,d__Bacteria;p__Pseudomonadota;c__Gammaproteobacteria;o__Enterobacterales;f__Morganellaceae
Tannerellaceae,Mod vs Con,-0.8673134012,0.5308234829,-1.6339017191,0.1109959755,0.3746114173,False,False,True,Bacteroidota,d__Bacteria;p__Bacteroidota;c__Bacteroidia;o__Bacteroidales;f__Tannerellaceae
Bifidobacteriaceae,Mod vs Con,1.267796182,0.8186640191,1.5486159797,0.1304699267,0.4144338849,False,False,True,Actinomycetota,d__Bacteria;p__Actinomycetota;c__Actinobacteria;o__Bifidobacteriales;f__Bifidobacteriaceae
Christensenellaceae,Mod vs Con,-1.0917823287,0.467178389,-2.3369709612,0.1444563225,0.4333689674,False,False,True,Bacillota,d__Bacteria;p__Bacillota;c__Clostridia;o__Christensenellales;f__Christensenellaceae
Anaerovoracaceae,Mod vs Con,-0.7342611149,0.563061229,-1.3040519877,0.2007273993,0.5407734546,False,False,True,Bacillota,d__Bacteria;p__Bacillota;c__Clostridia;o__Peptostreptococcales-Tissierellales;f__Anaerovoracaceae
Gastranaerophilaceae,Mod vs Con,0.6844751596,0.531119211,1.2887411064,0.2103007879,0.5407734546,False,False,True,Cyanobacteriota,d__Bacteria;p__Cyanobacteriota;c__Vampirivibrionia;o__Gastranaerophilales;f__Gastranaerophilaceae
Prevotellaceae,Mod vs Con,-0.8429678572,0.6479916474,-1.3008930911,0.2011285753,0.5407734546,False,False,True,Bacteroidota,d__Bacteria;p__Bacteroidota;c__Bacteroidia;o__Bacteroidales;f__Prevotellaceae
Rikenellaceae,Mod vs Con,0.5044861858,0.4160936203,1.2124343205,0.2328304806,0.5714929978,False,False,True,Bacteroidota,d__Bacteria;p__Bacteroidota;c__Bacteroidia;o__Bacteroidales;f__Rikenellaceae
Lachnospiraceae,Mod vs Con,-0.5983189444,0.5627164495,-1.0632689785,0.2943704283,0.5887408567,False,False,True,Bacillota,d__Bacteria;p__Bacillota;c__Clostridia;o__Lachnospirales;f__Lachnospiraceae
Incertae_Sedis,Mod vs Con,-0.7448252365,0.6462478766,-1.1525380019,0.2604510502,0.5887408567,False,False,True,Bacillota,d__Bacteria;p__Bacillota;c__Bacilli;o__RF39;f__Incertae_Sedis
__,Mod vs Con,-0.6935076538,0.4641781771,-1.4940548435,0.2737544994,0.5887408567,False,False,True,Bacillota,d__Bacteria;p__Bacillota;c__Clostridia;__;__
Enterococcaceae,Mod vs Con,-0.5809848477,0.5170913629,-1.1235632413,0.277774386,0.5887408567,False,False,True,Bacillota,d__Bacteria;p__Bacillota;c__Bacilli;o__Lactobacillales;f__Enterococcaceae
Rhizobiaceae,Mod vs Con,0.5100977762,0.4514951464,1.1297968101,0.2877724666,0.5887408567,False,False,True,Pseudomonadota,d__Bacteria;p__Pseudomonadota;c__Alphaproteobacteria;o__Hyphomicrobiales;f__Rhizobiaceae
Erysipelotrichaceae,Mod vs Con,0.5666930864,0.6236407617,0.9086851296,0.3692436786,0.6638115754,False,False,True,Bacillota,d__Bacteria;p__Bacillota;c__Bacilli;o__Erysipelotrichales;f__Erysipelotrichaceae
Oscillospiraceae,Mod vs Con,-0.5222330626,0.5892862183,-0.886212924,0.3810770155,0.6638115754,False,False,True,Bacillota,d__Bacteria;p__Bacillota;c__Clostridia;o__Oscillospirales;f__Oscillospiraceae
__,Mod vs Con,0.4743384091,0.461458276,1.0279118041,0.3796210874,0.6638115754,False,False,True,Bacteroidota,d__Bacteria;p__Bacteroidota;c__Bacteroidia;o__Bacteroidales;__
Monoglobaceae,Mod vs Con,-0.5366654086,0.5915292064,-0.9072509062,0.3732939149,0.6638115754,False,False,True,Bacillota,d__Bacteria;p__Bacillota;c__Clostridia;o__Monoglobales;f__Monoglobaceae
Deferribacteraceae,Mod vs Con,0.6559476319,0.7687657148,0.8532477702,0.3993237506,0.6649597516,False,False,True,Deferribacterota,d__Bacteria;p__Deferribacterota;c__Deferribacteres;o__Deferribacterales;f__Deferribacteraceae
Mycoplasmataceae,Mod vs Con,-0.5989910035,0.7115858165,-0.8417691719,0.4063642926,0.6649597516,False,False,True,Bacillota,d__Bacteria;p__Bacillota;c__Bacilli;o__Mycoplasmatales;f__Mycoplasmataceae
Incertae_Sedis,Mod vs Con,-0.460833311,0.5647436802,-0.81600437,0.4201779807,0.6673414987,False,False,True,Bacillota,d__Bacteria;p__Bacillota;c__Clostridia;o__Clostridia_vadinBB60_group;f__Incertae_Sedis
Ruminococcaceae,Mod vs Con,-0.5091192908,0.6440547622,-0.7904906859,0.4341470731,0.6698269128,False,False,True,Bacillota,d__Bacteria;p__Bacillota;c__Clostridia;o__Oscillospirales;f__Ruminococcaceae
Incertae_Sedis,Mod vs Con,-0.5602064051,0.7620568495,-0.7351241648,0.4673046283,0.6820121603,False,False,True,Bacillota,d__Bacteria;p__Bacillota;c__Clostridia;o__Clostridia_UCG-014;f__Incertae_Sedis
Helicobacteraceae,Mod vs Con,0.4571312808,0.6089332921,0.7507083071,0.4574519142,0.6820121603,False,False,True,Campylobacterota,d__Bacteria;p__Campylobacterota;c__Campylobacteria;o__Campylobacterales;f__Helicobacteraceae
Desulfovibrionaceae,Mod vs Con,-0.3754846564,0.5512873805,-0.6811051181,0.4999347816,0.710433637,False,False,True,Thermodesulfobacteriota,d__Bacteria;p__Thermodesulfobacteriota;c__Desulfovibrionia;o__Desulfovibrionales;f__Desulfovibrionaceae
Micrococcaceae,Mod vs Con,-0.314296013,0.4720646114,-0.6657902445,0.5350247733,0.7408035322,False,False,True,Actinomycetota,d__Bacteria;p__Actinomycetota;c__Actinobacteria;o__Micrococcales;f__Micrococcaceae
Enterobacteriaceae,Mod vs Con,0.4946053485,0.9876155449,0.5008075775,0.6198306456,0.8308990296,False,False,True,Pseudomonadota,d__Bacteria;p__Pseudomonadota;c__Gammaproteobacteria;o__Enterobacterales;f__Enterobacteriaceae
Akkermansiaceae,Mod vs Con,0.2397357294,0.4799442298,0.4995074731,0.6308677817,0.8308990296,False,False,True,Verrucomicrobiota,d__Bacteria;p__Verrucomicrobiota;c__Verrucomicrobiia;o__Verrucomicrobiales;f__Akkermansiaceae
Eggerthellaceae,Mod vs Con,-0.1995623437,0.4478462126,-0.4456046251,0.6584113518,0.8465288809,False,False,True,Actinomycetota,d__Bacteria;p__Actinomycetota;c__Coriobacteriia;o__Coriobacteriales;f__Eggerthellaceae
Pasteurellaceae,Mod vs Con,0.2144227947,0.4920741887,0.4357529812,0.6761374323,0.8491028219,False,False,True,Pseudomonadota,d__Bacteria;p__Pseudomonadota;c__Gammaproteobacteria;o__Enterobacterales;f__Pasteurellaceae
Saccharimonadaceae,Mod vs Con,0.1153993765,0.6804583126,0.1695906632,0.8663371043,0.9177410811,False,False,True,Patescibacteria,d__Bacteria;p__Patescibacteria;c__Saccharimonadia;o__Saccharimonadales;f__Saccharimonadaceae
Clostridiaceae,Mod vs Con,-0.1194648187,0.6586728684,-0.1813720048,0.8572195475,0.9177410811,False,False,True,Bacillota,d__Bacteria;p__Bacillota;c__Clostridia;o__Clostridiales;f__Clostridiaceae
Corynebacteriaceae,Mod vs Con,0.0769028745,0.4467261893,0.1721476741,0.8667554655,0.9177410811,False,False,True,Actinomycetota,d__Bacteria;p__Actinomycetota;c__Actinobacteria;o__Mycobacteriales;f__Corynebacteriaceae
Sphingomonadaceae,Mod vs Con,-0.0993962555,0.460019236,-0.2160697808,0.8395047534,0.9177410811,False,False,True,Pseudomonadota,d__Bacteria;p__Pseudomonadota;c__Alphaproteobacteria;o__Sphingomonadales;f__Sphingomonadaceae
Veillonellaceae,Mod vs Con,-0.1110796491,0.572401341,-0.1940590302,0.8474377401,0.9177410811,False,False,True,Bacillota,d__Bacteria;p__Bacillota;c__Negativicutes;o__Veillonellales-Selenomonadales;f__Veillonellaceae
Moraxellaceae,Mod vs Con,0.112710567,0.4651859468,0.2422914274,0.8204701724,0.9177410811,False,False,True,Pseudomonadota,d__Bacteria;p__Pseudomonadota;c__Gammaproteobacteria;o__Pseudomonadales;f__Moraxellaceae
Lactobacillaceae,Mod vs Con,0.1336701878,0.5491365546,0.2434188484,0.8089902581,0.9177410811,False,False,True,Bacillota,d__Bacteria;p__Bacillota;c__Bacilli;o__Lactobacillales;f__Lactobacillaceae
Gemmatimonadaceae,Mod vs Con,0.1494258066,0.4722170929,0.316434557,0.7644568393,0.9177410811,False,False,True,Gemmatimonadota,d__Bacteria;p__Gemmatimonadota;c__Gemmatimonadia;o__Gemmatimonadales;f__Gemmatimonadaceae
Bacteroidaceae,Mod vs Con,-0.0093186273,0.5522327101,-0.0168744574,0.9866250596,0.9939018603,False,False,True,Bacteroidota,d__Bacteria;p__Bacteroidota;c__Bacteroidia;o__Bacteroidales;f__Bacteroidaceae
Marinifilaceae,Mod vs Con,-0.0060784677,0.5727251259,-0.0106132373,0.9915890414,0.9939018603,False,False,True,Bacteroidota,d__Bacteria;p__Bacteroidota;c__Bacteroidia;o__Bacteroidales;f__Marinifilaceae
Acidaminococcaceae,Mod vs Con,0.004511635,0.5852332938,0.0077091223,0.9939018603,0.9939018603,False,False,True,Bacillota,d__Bacteria;p__Bacillota;c__Negativicutes;o__Acidaminococcales;f__Acidaminococcaceae
Streptococcaceae,QFY vs Mod,-2.878221945,0.7983968012,-3.6050018496,0.0009376214,0.0506315569,False,False,True,Bacillota,d__Bacteria;p__Bacillota;c__Bacilli;o__Lactobacillales;f__Streptococcaceae
Deferribacteraceae,QFY vs Mod,-2.1110285145,0.7609115277,-2.7743416123,0.0088133127,0.0934152211,False,False,True,Deferribacterota,d__Bacteria;p__Deferribacterota;c__Deferribacteres;o__Deferribacterales;f__Deferribacteraceae
Bacteroidaceae,QFY vs Mod,-1.4352653814,0.5496316422,-2.6113223315,0.0128407956,0.0934152211,False,False,True,Bacteroidota,d__Bacteria;p__Bacteroidota;c__Bacteroidia;o__Bacteroidales;f__Bacteroidaceae
Tannerellaceae,QFY vs Mod,-1.5532003284,0.5967068725,-2.6029536442,0.0133389764,0.0934152211,False,False,True,Bacteroidota,d__Bacteria;p__Bacteroidota;c__Bacteroidia;o__Bacteroidales;f__Tannerellaceae
Rikenellaceae,QFY vs Mod,-1.2287714231,0.430423547,-2.8547960065,0.0069387329,0.0934152211,False,False,True,Bacteroidota,d__Bacteria;p__Bacteroidota;c__Bacteroidia;o__Bacteroidales;f__Rikenellaceae
Erysipelatoclostridiaceae,QFY vs Mod,-1.9061510733,0.6575574513,-2.8988357893,0.0061897969,0.0934152211,False,False,True,Bacillota,d__Bacteria;p__Bacillota;c__Bacilli;o__Erysipelotrichales;f__Erysipelatoclostridiaceae
Pasteurellaceae,QFY vs Mod,1.9820312999,0.5204933706,3.8079856762,0.0066453087,0.0934152211,False,False,True,Pseudomonadota,d__Bacteria;p__Pseudomonadota;c__Gammaproteobacteria;o__Enterobacterales;f__Pasteurellaceae
Peptostreptococcaceae,QFY vs Mod,-1.5641752258,0.5131935337,-3.0479246582,0.013839292,0.0934152211,False,False,True,Bacillota,d__Bacteria;p__Bacillota;c__Clostridia;o__Peptostreptococcales-Tissierellales;f__Peptostreptococcaceae
Incertae_Sedis,QFY vs Mod,1.3089674694,0.5389305729,2.4288239252,0.0273044604,0.1638267626,False,False,True,Pseudomonadota,d__Bacteria;p__Pseudomonadota;c__Alphaproteobacteria;o__Rhodospirillales;f__Incertae_Sedis
Erysipelotrichaceae,QFY vs Mod,-1.406250592,0.6314346426,-2.2270722843,0.0319434595,0.1724946815,False,False,True,Bacillota,d__Bacteria;p__Bacillota;c__Bacilli;o__Erysipelotrichales;f__Erysipelotrichaceae
Eggerthellaceae,QFY vs Mod,-0.9029710714,0.419353688,-2.153244617,0.0377096155,0.1851199305,False,False,True,Actinomycetota,d__Bacteria;p__Actinomycetota;c__Coriobacteriia;o__Coriobacteriales;f__Eggerthellaceae
Enterococcaceae,QFY vs Mod,-1.1663334821,0.5591004183,-2.0860894463,0.0533374061,0.2057299949,False,False,True,Bacillota,d__Bacteria;p__Bacillota;c__Bacilli;o__Lactobacillales;f__Enterococcaceae
Gemmatimonadaceae,QFY vs Mod,-1.1789197277,0.4654938896,-2.5326212738,0.0523623952,0.2057299949,False,False,True,Gemmatimonadota,d__Bacteria;p__Gemmatimonadota;c__Gemmatimonadia;o__Gemmatimonadales;f__Gemmatimonadaceae
Acidaminococcaceae,QFY vs Mod,-1.2123152906,0.5878354434,-2.0623378604,0.0482348621,0.2057299949,False,False,True,Bacillota,d__Bacteria;p__Bacillota;c__Negativicutes;o__Acidaminococcales;f__Acidaminococcaceae
Ruminococcaceae,QFY vs Mod,-1.1897400059,0.6273185884,-1.8965483058,0.0655087259,0.2210919498,False,False,True,Bacillota,d__Bacteria;p__Bacillota;c__Clostridia;o__Oscillospirales;f__Ruminococcaceae
Helicobacteraceae,QFY vs Mod,-1.0700732516,0.5628971349,-1.9010103007,0.0649048028,0.2210919498,False,False,True,Campylobacterota,d__Bacteria;p__Campylobacterota;c__Campylobacteria;o__Campylobacterales;f__Helicobacteraceae
Akkermansiaceae,QFY vs Mod,1.1528998525,0.5780477369,1.9944717,0.0812086831,0.2579569934,False,False,True,Verrucomicrobiota,d__Bacteria;p__Verrucomicrobiota;c__Verrucomicrobiia;o__Verrucomicrobiales;f__Akkermansiaceae
Christensenellaceae,QFY vs Mod,1.2584777301,0.4545243295,2.7687796854,0.1094427612,0.3270074112,False,False,True,Bacillota,d__Bacteria;p__Bacillota;c__Clostridia;o__Christensenellales;f__Christensenellaceae
Morganellaceae,QFY vs Mod,-0.8693194943,0.4983573609,-1.7443697284,0.1150581632,0.3270074112,False,False,True,Pseudomonadota,d__Bacteria;p__Pseudomonadota;c__Gammaproteobacteria;o__Enterobacterales;f__Morganellaceae
Clostridiaceae,QFY vs Mod,-0.8203755817,0.5280516361,-1.5535896976,0.1301178506,0.3513181965,False,False,True,Bacillota,d__Bacteria;p__Bacillota;c__Clostridia;o__Clostridiales;f__Clostridiaceae
Incertae_Sedis,QFY vs Mod,-0.840441044,0.5571437308,-1.5084815598,0.1406685359,0.3617190924,False,False,True,Bacillota,d__Bacteria;p__Bacillota;c__Clostridia;o__Clostridia_vadinBB60_group;f__Incertae_Sedis
Moraxellaceae,QFY vs Mod,-0.8321872826,0.4712505291,-1.7659126754,0.1521633369,0.3649760674,False,False,True,Pseudomonadota,d__Bacteria;p__Pseudomonadota;c__Gammaproteobacteria;o__Pseudomonadales;f__Moraxellaceae
Monoglobaceae,QFY vs Mod,-0.7233089272,0.493170305,-1.4666514182,0.1554527694,0.3649760674,False,False,True,Bacillota,d__Bacteria;p__Bacillota;c__Clostridia;o__Monoglobales;f__Monoglobaceae
Oscillospiraceae,QFY vs Mod,-0.9270837209,0.6593671215,-1.4060205471,0.1678427456,0.3776461776,False,False,True,Bacillota,d__Bacteria;p__Bacillota;c__Clostridia;o__Oscillospirales;f__Oscillospiraceae
Anaerovoracaceae,QFY vs Mod,-0.760381808,0.5594262041,-1.3592173594,0.1827718729,0.3947872455,False,False,True,Bacillota,d__Bacteria;p__Bacillota;c__Clostridia;o__Peptostreptococcales-Tissierellales;f__Anaerovoracaceae
Lachnospiraceae,QFY vs Mod,-0.662938626,0.5058387761,-1.3105729678,0.1978682114,0.3993016832,False,False,True,Bacillota,d__Bacteria;p__Bacillota;c__Clostridia;o__Lachnospirales;f__Lachnospiraceae
Incertae_Sedis,QFY vs Mod,0.764064031,0.5940479978,1.2861991519,0.2106439672,0.3993016832,False,False,True,Bacillota,d__Bacteria;p__Bacillota;c__Bacilli;o__RF39;f__Incertae_Sedis
Sphingomonadaceae,QFY vs Mod,-0.6532886324,0.4519396566,-1.4455218142,0.2218342684,0.3993016832,False,False,True,Pseudomonadota,d__Bacteria;p__Pseudomonadota;c__Alphaproteobacteria;o__Sphingomonadales;f__Sphingomonadaceae
Bifidobacteriaceae,QFY vs Mod,-0.9331558089,0.7458714722,-1.2510946506,0.2191984336,0.3993016832,False,False,True,Actinomycetota,d__Bacteria;p__Actinomycetota;c__Actinobacteria;o__Bifidobacteriales;f__Bifidobacteriaceae
Mycoplasmataceae,QFY vs Mod,0.8012022552,0.6115697735,1.310074974,0.1997955853,0.3993016832,False,False,True,Bacillota,d__Bacteria;p__Bacillota;c__Bacilli;o__Mycoplasmatales;f__Mycoplasmataceae
Saccharimonadaceae,QFY vs Mod,-0.8379130922,0.7548550902,-1.1100317175,0.2747746474,0.4636767777,False,False,True,Patescibacteria,d__Bacteria;p__Patescibacteria;c__Saccharimonadia;o__Saccharimonadales;f__Saccharimonadaceae
__,QFY vs Mod,-0.5998838687,0.4531073997,-1.3239330657,0.2773637921,0.4636767777,False,False,True,Bacteroidota,d__Bacteria;p__Bacteroidota;c__Bacteroidia;o__Bacteroidales;__
__,QFY vs Mod,-0.6623541395,0.4558066368,-1.453147203,0.2833580308,0.4636767777,False,False,True,Bacillota,d__Bacteria;p__Bacillota;c__Clostridia;__;__
UCG-010,QFY vs Mod,-0.479262447,0.4418108666,-1.0847683552,0.3034832655,0.4820028334,False,False,True,Bacillota,d__Bacteria;p__Bacillota;c__Clostridia;o__Oscillospirales;f__UCG-010
Desulfovibrionaceae,QFY vs Mod,-0.455733996,0.4864134438,-0.9369272208,0.3547128207,0.5472712091,False,False,True,Thermodesulfobacteriota,d__Bacteria;p__Thermodesulfobacteriota;c__Desulfovibrionia;o__Desulfovibrionales;f__Desulfovibrionaceae
Gastranaerophilaceae,QFY vs Mod,-0.5298979641,0.5971654552,-0.8873553542,0.384073013,0.5761095195,False,False,True,Cyanobacteriota,d__Bacteria;p__Cyanobacteriota;c__Vampirivibrionia;o__Gastranaerophilales;f__Gastranaerophilaceae
Enterobacteriaceae,QFY vs Mod,-0.761148285,0.9990727836,-0.7618546891,0.4515576323,0.6590300579,False,False,True,Pseudomonadota,d__Bacteria;p__Pseudomonadota;c__Gammaproteobacteria;o__Enterobacterales;f__Enterobacteriaceae
Micrococcaceae,QFY vs Mod,-0.3342777006,0.4529388586,-0.7380194793,0.4936622415,0.6918386349,False,False,True,Actinomycetota,d__Bacteria;p__Actinomycetota;c__Actinobacteria;o__Micrococcales;f__Micrococcaceae
Atopobiaceae,QFY vs Mod,-0.3977576623,0.5836139557,-0.6815424107,0.4996612363,0.6918386349,False,False,True,Actinomycetota,d__Bacteria;p__Actinomycetota;c__Coriobacteriia;o__Coriobacteriales;f__Atopobiaceae
Muribaculaceae,QFY vs Mod,0.242650066,0.450911821,0.5381319689,0.5936241392,0.7674980055,False,False,True,Bacteroidota,d__Bacteria;p__Bacteroidota;c__Bacteroidia;o__Bacteroidales;f__Muribaculaceae
Veillonellaceae,QFY vs Mod,0.3106628703,0.5812339709,0.534488495,0.5969428932,0.7674980055,False,False,True,Bacillota,d__Bacteria;p__Bacillota;c__Negativicutes;o__Veillonellales-Selenomonadales;f__Veillonellaceae
Lactobacillaceae,QFY vs Mod,-0.2798013823,0.5116982836,-0.5468093039,0.5877066324,0.7674980055,False,False,True,Bacillota,d__Bacteria;p__Bacillota;c__Bacilli;o__Lactobacillales;f__Lactobacillaceae
Butyricicoccaceae,QFY vs Mod,0.3186493635,0.6209752491,0.5131434208,0.6113756799,0.7677741097,False,False,True,Bacillota,d__Bacteria;p__Bacillota;c__Clostridia;o__Oscillospirales;f__Butyricicoccaceae
Marinifilaceae,QFY vs Mod,-0.2629267487,0.6682474134,-0.3934571888,0.6962400161,0.8544763834,False,False,True,Bacteroidota,d__Bacteria;p__Bacteroidota;c__Bacteroidia;o__Bacteroidales;f__Marinifilaceae
Acholeplasmataceae,QFY vs Mod,0.1612806415,0.4628410785,0.3484579243,0.7416887052,0.8900264462,False,False,True,Bacillota,d__Bacteria;p__Bacillota;c__Bacilli;o__Acholeplasmatales;f__Acholeplasmataceae
Corynebacteriaceae,QFY vs Mod,-0.1126146029,0.4622800104,-0.2436069058,0.8124599832,0.9232193342,False,False,True,Actinomycetota,d__Bacteria;p__Actinomycetota;c__Actinobacteria;o__Mycobacteriales;f__Corynebacteriaceae
Peptococcaceae,QFY vs Mod,0.1119928875,0.5425652435,0.2064136781,0.8377360626,0.9232193342,False,False,True,Bacillota,d__Bacteria;p__Bacillota;c__Clostridia;o__Peptococcales;f__Peptococcaceae
Staphylococcaceae,QFY vs Mod,0.1404651396,0.62471374,0.2248472069,0.8255938215,0.9232193342,False,False,True,Bacillota,d__Bacteria;p__Bacillota;c__Bacilli;o__Staphylococcales;f__Staphylococcaceae
Paracaedibacteraceae,QFY vs Mod,-0.1140915346,0.4570989216,-0.2495992207,0.8091867573,0.9232193342,False,False,True,Pseudomonadota,d__Bacteria;p__Pseudomonadota;c__Alphaproteobacteria;o__Paracaedibacterales;f__Paracaedibacteraceae
Incertae_Sedis,QFY vs Mod,0.1226133603,0.7139089106,0.1717493065,0.8646528037,0.933825028,False,False,True,Bacillota,d__Bacteria;p__Bacillota;c__Clostridia;o__Clostridia_UCG-014;f__Incertae_Sedis
Sutterellaceae,QFY vs Mod,0.0378310548,0.5476601971,0.0690776051,0.9452900756,0.9631257374,False,False,True,Pseudomonadota,d__Bacteria;p__Pseudomonadota;c__Gammaproteobacteria;o__Burkholderiales;f__Sutterellaceae
Prevotellaceae,QFY vs Mod,0.0547447367,0.5745366113,0.0952850273,0.9245891477,0.9631257374,False,False,True,Bacteroidota,d__Bacteria;p__Bacteroidota;c__Bacteroidia;o__Bacteroidales;f__Prevotellaceae
Brachyspiraceae,QFY vs Mod,-0.0521875016,0.5732822289,-0.0910328263,0.9287561793,0.9631257374,False,False,True,Spirochaetota,d__Bacteria;p__Spirochaetota;c__Brachyspirae;o__Brachyspirales;f__Brachyspiraceae
Rhizobiaceae,QFY vs Mod,0.0102196456,0.4746405663,0.0215313361,0.9832916143,0.9832916143,False,False,True,Pseudomonadota,d__Bacteria;p__Pseudomonadota;c__Alphaproteobacteria;o__Hyphomicrobiales;f__Rhizobiaceae
