sample-id	grupo	sexo
#q2:types	categorical	categorical
SRR37250088	Con	female
SRR37250089	Con	female
SRR37250090	Con	female
SRR37250091	Con	male
SRR37250092	Con	male
SRR37250093	QFY	female
SRR37250094	QFY	female
SRR37250095	Con	male
SRR37250096	QFY	female
SRR37250097	QFY	female
SRR37250098	QFY	female
SRR37250099	QFY	female
SRR37250100	QFY	female
SRR37250101	QFY	male
SRR37250102	QFY	male
SRR37250103	QFY	male
SRR37250104	QFY	male
SRR37250105	QFY	male
SRR37250106	Con	male
SRR37250107	QFY	male
SRR37250108	QFY	male
SRR37250109	Mod	female
SRR37250110	Mod	female
SRR37250111	Mod	female
SRR37250112	Mod	female
SRR37250113	Mod	female
SRR37250114	Mod	female
SRR37250115	Mod	female
SRR37250116	Mod	male
SRR37250117	Con	male
SRR37250118	Mod	male
SRR37250119	Mod	male
SRR37250120	Mod	male
SRR37250121	Mod	male
SRR37250122	Mod	male
SRR37250123	Mod	male
SRR37250124	Con	female
SRR37250125	Con	female
SRR37250126	Con	female
SRR37250127	Con	female
SRR37250128	Con	male
SRR37250129	Con	male
