	faith_pd
SRR37250088	28.11177020893162
SRR37250089	23.19822366208582
SRR37250090	19.06109181418186
SRR37250091	24.35391038000272
SRR37250092	21.42779359171729
SRR37250093	27.5863429370185
SRR37250094	23.98592809862626
SRR37250095	22.07559599712836
SRR37250096	22.64872669126907
SRR37250097	27.7650602570513
SRR37250098	20.0892153464225
SRR37250099	27.34524378205359
SRR37250100	27.62166312799294
SRR37250101	18.62298293155423
SRR37250102	30.85040815020995
SRR37250103	24.80971168564411
SRR37250104	25.46722087305082
SRR37250105	17.28298105720255
SRR37250106	18.14510044872509
SRR37250107	27.44983698390047
SRR37250108	24.3495621374336
SRR37250109	26.0833599817307
SRR37250110	29.23487013498595
SRR37250111	25.75196685593298
SRR37250112	20.3538334989767
SRR37250113	21.81129005057648
SRR37250114	28.70120756386737
SRR37250115	30.51156955346331
SRR37250116	23.65592871559038
SRR37250117	20.06778321386746
SRR37250118	25.42244294274657
SRR37250119	27.66829856709186
SRR37250120	24.44950800309257
SRR37250121	28.73170147693984
SRR37250122	27.48366934103142
SRR37250123	26.377541744846
SRR37250124	20.57231043951842
SRR37250125	26.49076039861512
SRR37250126	21.07066349496912
SRR37250127	29.51573739215613
SRR37250128	22.54270993129088
SRR37250129	20.68967748497035
