,n_ASVs,Con,Mod,QFY
Muribaculaceae,385.0,33.404,11.846,26.568
Lachnospiraceae,709.0,16.037,12.464,11.362
Prevotellaceae,54.0,12.181,7.514,12.664
Lactobacillaceae,76.0,7.89,14.268,15.57
Bacteroidaceae,66.0,5.318,9.066,4.854
Erysipelotrichaceae,98.0,4.392,7.849,4.724
Sutterellaceae,36.0,2.631,1.039,2.182
Ruminococcaceae,153.0,2.567,2.409,1.589
Helicobacteraceae,20.0,2.129,4.652,2.871
Acidaminococcaceae,10.0,1.47,3.127,1.409
Rikenellaceae,72.0,1.334,3.088,2.282
Tannerellaceae,21.0,1.215,1.005,0.771
Deferribacteraceae,21.0,1.164,2.659,0.761
Desulfovibrionaceae,33.0,1.091,1.198,1.154
Enterobacteriaceae,15.0,1.043,3.95,1.195
Oscillospiraceae,143.0,1.03,0.816,1.022
Incertae_Sedis,347.0,0.905,0.57,1.047
Atopobiaceae,16.0,0.847,0.28,0.374
Erysipelatoclostridiaceae,33.0,0.594,2.999,1.009
Mycoplasmataceae,9.0,0.453,0.364,0.371
Bifidobacteriaceae,12.0,0.39,0.618,0.673
Eggerthellaceae,71.0,0.349,0.556,0.393
Butyricicoccaceae,18.0,0.229,0.08,0.153
Saccharimonadaceae,29.0,0.169,0.389,0.411
F082,3.0,0.161,0.001,0.0
Peptococcaceae,13.0,0.158,0.025,0.092
Rs-E47_termite_group,1.0,0.129,0.0,0.0
Marinifilaceae,11.0,0.126,0.315,0.5
Veillonellaceae,12.0,0.096,0.288,0.456
Clostridiaceae,7.0,0.096,0.1,0.048
Monoglobaceae,8.0,0.074,0.02,0.02
Anaerovoracaceae,11.0,0.071,0.08,0.059
Streptococcaceae,25.0,0.061,6.047,2.533
Staphylococcaceae,10.0,0.059,0.011,0.085
Enterococcaceae,5.0,0.033,0.02,0.037
Gastranaerophilaceae,23.0,0.028,0.035,0.132
Acholeplasmataceae,4.0,0.027,0.008,0.002
UCG-010,2.0,0.012,0.004,0.033
Brachyspiraceae,1.0,0.009,0.061,0.028
Paracaedibacteraceae,1.0,0.004,0.004,0.001
sin asignar,,0.003,0.006,0.004
Morganellaceae,6.0,0.002,0.003,0.017
Christensenellaceae,5.0,0.002,0.001,0.001
Coriobacteriales_Incertae_Sedis,1.0,0.002,0.0,0.0
Neisseriaceae,1.0,0.001,0.0,0.0
Sphingomonadaceae,8.0,0.001,0.001,0.001
Bacillaceae,2.0,0.001,0.0,0.0
Caulobacteraceae,3.0,0.001,0.0,0.0
Micrococcaceae,10.0,0.001,0.001,0.002
Akkermansiaceae,5.0,0.001,0.005,0.162
Moraxellaceae,9.0,0.001,0.001,0.002
Thermoactinomycetaceae,1.0,0.001,0.0,0.0
Anaerolineaceae,5.0,0.001,0.001,0.0
Corynebacteriaceae,6.0,0.001,0.002,0.006
Burkholderiaceae,8.0,0.001,0.004,0.0
Rhodanobacteraceae,2.0,0.0,0.002,0.0
SC-I-84,1.0,0.0,0.0,0.0
Azospirillaceae,1.0,0.0,0.0,0.0
BIrii41,1.0,0.0,0.0,0.0
Pasteurellaceae,9.0,0.0,0.003,0.056
Pedosphaeraceae,2.0,0.0,0.0,0.0
Rhodothermaceae,2.0,0.0,0.001,0.0
Rhodocyclaceae,1.0,0.0,0.0,0.0
Beijerinckiaceae,3.0,0.0,0.001,0.0
Phycisphaeraceae,1.0,0.0,0.0,0.0
Planococcaceae,1.0,0.0,0.0,0.001
Rhizobiaceae,4.0,0.0,0.003,0.007
Reyranellaceae,2.0,0.0,0.0,0.0
Pyrinomonadaceae,3.0,0.0,0.0,0.001
Sandaracinaceae,2.0,0.0,0.001,0.0
Pseudomonadaceae,2.0,0.0,0.001,0.0
Bacteroidetes_vadinHA17,1.0,0.0,0.0,0.0
Pleomorphomonadaceae,1.0,0.0,0.0,0.0
Peptostreptococcaceae,5.0,0.0,0.045,0.011
Simkaniaceae,1.0,0.0,0.0,0.0
Saprospiraceae,1.0,0.0,0.0,0.0
Thermoanaerobaculaceae,2.0,0.0,0.0,0.0
p-251-o5,1.0,0.0,0.0,0.0
[Eubacterium]_coprostanoligenes_group,4.0,0.0,0.0,0.251
Xiphinematobacteraceae,1.0,0.0,0.0,0.0
Xanthobacteraceae,4.0,0.0,0.001,0.0
Weeksellaceae,1.0,0.0,0.0,0.0
Vicinamibacteraceae,4.0,0.0,0.001,0.0
Verrucomicrobiaceae,1.0,0.0,0.001,0.0
Acetobacteraceae,1.0,0.0,0.0,0.0
UCG-011,1.0,0.0,0.0,0.0
Aggregatilineaceae,3.0,0.0,0.0,0.001
Thermomonosporaceae,1.0,0.0,0.0,0.0
TRA3-20,1.0,0.0,0.0,0.0
Selenomonadaceae,3.0,0.0,0.001,0.0
Syntrophobacteraceae,1.0,0.0,0.0,0.0
Synergistaceae,1.0,0.0,0.0,0.0
Alcaligenaceae,1.0,0.0,0.001,0.0
Alicyclobacillaceae,1.0,0.0,0.0,0.0
Steroidobacteraceae,1.0,0.0,0.0,0.0
Anaerofustaceae,2.0,0.0,0.0,0.001
Spirosomataceae,2.0,0.0,0.0,0.0
Spirochaetaceae,4.0,0.0,0.004,0.0
Sphingobacteriaceae,1.0,0.0,0.0,0.0
Blastocatellaceae,2.0,0.0,0.001,0.0
Shewanellaceae,1.0,0.0,0.001,0.0
Paracoccaceae,3.0,0.0,0.001,0.0
Deinococcaceae,1.0,0.0,0.0,0.0
Oxalobacteraceae,1.0,0.0,0.0,0.0
Ilumatobacteraceae,1.0,0.0,0.0,0.001
Hymenobacteraceae,1.0,0.0,0.0,0.001
Hydrogenophilaceae,1.0,0.0,0.001,0.0
Herpetosiphonaceae,1.0,0.0,0.0,0.0
Halomonadaceae,2.0,0.0,0.0,0.001
Haloferacaceae,1.0,0.0,0.0,0.0
Haliangiaceae,1.0,0.0,0.001,0.0
Geodermatophilaceae,2.0,0.0,0.0,0.0
Gemmatimonadaceae,13.0,0.0,0.004,0.001
Gemmataceae,2.0,0.0,0.0,0.0
Gemellaceae,1.0,0.0,0.054,0.024
Chroococcidiopsaceae,1.0,0.0,0.0,0.0
Fusobacteriaceae,6.0,0.0,0.001,0.002
Frankiaceae,1.0,0.0,0.0,0.0
Flavobacteriaceae,1.0,0.0,0.0,0.0
Fibrobacteraceae,1.0,0.0,0.0,0.0
Chthoniobacteraceae,2.0,0.0,0.0,0.0
Comamonadaceae,2.0,0.0,0.0,0.0
Coriobacteriaceae,1.0,0.0,0.0,0.0
Coxiellaceae,1.0,0.0,0.0,0.0
Dongiaceae,1.0,0.0,0.0,0.0
Dietziaceae,2.0,0.0,0.0,0.0
Defluviitaleaceae,1.0,0.0,0.0,0.001
Desulfitobacteriaceae,1.0,0.0,0.0,0.0
Idiomarinaceae,2.0,0.0,0.0,0.0
Chloroflexaceae,1.0,0.0,0.0,0.0
Brevibacillaceae,1.0,0.0,0.0,0.0
Intrasporangiaceae,2.0,0.0,0.0,0.0
Nitrospiraceae,1.0,0.0,0.0,0.0
Nitrosomonadaceae,5.0,0.0,0.002,0.0
Dermabacteraceae,2.0,0.0,0.001,0.0
Myxococcaceae,1.0,0.0,0.0,0.0
Calditrichaceae,1.0,0.0,0.0,0.0
Carnobacteriaceae,1.0,0.0,0.0,0.001
Microscillaceae,2.0,0.0,0.0,0.0
Micropepsaceae,1.0,0.0,0.0,0.0
Microcystaceae,1.0,0.0,0.0,0.0
Microbacteriaceae,2.0,0.0,0.002,0.001
Micavibrionaceae,1.0,0.0,0.0,0.0
Methylophilaceae,1.0,0.0,0.0,0.0
Lysobacteraceae,4.0,0.0,0.001,0.0
Longimicrobiaceae,1.0,0.0,0.0,0.0
Limnochordaceae,1.0,0.0,0.0,0.0
Leptolyngbyaceae,1.0,0.0,0.0,0.0
Legionellaceae,1.0,0.0,0.0,0.0
AKYG1722,1.0,0.0,0.0,0.0
Chitinophagaceae,5.0,0.0,0.001,0.0
Ktedonobacteraceae,1.0,0.0,0.0,0.0
Kiloniellaceae,1.0,0.0,0.0,0.0
JG30-KF-CM45,2.0,0.0,0.001,0.0
Isosphaeraceae,2.0,0.0,0.0,0.001
A4b,1.0,0.0,0.0,0.0
